Title,URL,Location,Paid Status,Category,Urgency,Date & Time,Price,Host
Roman Frayssinet - Spectacle à Singapour,https://www.eventbrite.com/e/roman-frayssinet-spectacle-a-singapour-tickets-1252793642509?aff=ebdssbdestsearch,"Singapore, ",paid,arts,Almost full,"Tue, Jun 17 •  8:00 PM",From $71.31,Stephen Riady Auditorium @NTUC
"2025 Swiss Club Music Festival (non-members welcome, family friendly)",https://www.eventbrite.sg/e/2025-swiss-club-music-festival-non-members-welcome-family-friendly-tickets-1146791627629?aff=ebdssbdestsearch,"Singapore, Singapore",paid,music,Going fast,"Sat, Jun 14 •  5:00 PM",From $20.00,Mick
"Min Lee & Aleksey Igudesman, SG60 : Strings In Harmony",https://www.eventbrite.com/e/min-lee-aleksey-igudesman-sg60-strings-in-harmony-tickets-1333639504659?aff=ebdssbdestsearch,"Singapore, ",paid,music,Going fast,Monday • 7:30 PM,From $0.00,Wolfgang Violin Studio
IGC in Concert 2025,https://www.eventbrite.sg/e/igc-in-concert-2025-tickets-1277379218629?aff=ebdssbdestsearch,"Singapore, ",paid,music,Almost full,Tomorrow • 4:00 PM,From $22.05,International School of Performing Arts
DOKI! DOKI! ANIME MARKET 2025,https://www.eventbrite.sg/e/doki-doki-anime-market-2025-tickets-1257062972189?aff=ebdssbdestsearch,"Singapore, ",paid,community,,THE DOKI! DOKI! TEAM,From $6.34,Suntec Singapore Convention & Exhibition Centre HALL 406
Rêverie Florale,https://www.eventbrite.sg/e/reverie-florale-tickets-1278983787939?aff=ebdssbdestsearch,"Singapore, ",paid,music,Almost full,Today • 7:30 PM,From $21.70,NTU Symphony Orchestra
NuHarmony Choir Presents: From Screen to Stage,https://www.eventbrite.sg/e/nuharmony-choir-presents-from-screen-to-stage-tickets-1308178199209?aff=ebdssbdestsearch,"Singapore, ",paid,arts,Almost full,Tomorrow • 7:30 PM,From $53.49,SJI International School
"Revision Music presents DJ Storm (Metalheadz, UK)",https://www.eventbrite.sg/e/revision-music-presents-dj-storm-metalheadz-uk-tickets-1341484509279?aff=ebdssbdestsearch,"Singapore, ",paid,music,Sales end soon,Tomorrow • 10:30 PM,From $27.31,Revision Music
RICS x SIM Joint Networking Event – Shaping the Future Workforce,https://www.eventbrite.sg/e/rics-x-sim-joint-networking-event-shaping-the-future-workforce-tickets-1329304177579?aff=ebdssbdestsearch,"Singapore, ",paid,business,,Thursday • 7:00 PM,From $10.90,RICS
GAS 50 - German All Stars Singapore 50th Anniversary Gala,https://www.eventbrite.sg/e/gas-50-german-all-stars-singapore-50th-anniversary-gala-tickets-1340775257889?aff=ebdssbdestsearch,"Singapore, ",paid,community,,Tomorrow • 6:30 PM,From $184.47,Novotel Singapore On Stevens
INSEAD Entrepreneurship Forum@Asia,https://www.eventbrite.co.uk/e/insead-entrepreneurship-forumasia-tickets-1280790762649?aff=ebdssbdestsearch,"Singapore, ",paid,business,,"INSEAD Asia Campus, Singapore",From $100.00,Maag INSEAD Centre for Entrepreneurship
Electronic Super Cup x The Ultimate Showdown - EA Sports FC 25 (1v1),https://www.eventbrite.sg/e/electronic-super-cup-x-the-ultimate-showdown-ea-sports-fc-25-1v1-tickets-1344929874459?aff=ebdssbdestsearch,"Singapore, ",paid,other,Sales end soon,"Sat, Jun 14 •  2:30 PM",From $11.35,Zenway Productions
South East Asia Fashion Week: B2B TRADE SHOW,https://www.eventbrite.sg/e/south-east-asia-fashion-week-b2b-trade-show-tickets-1231430023349?aff=ebdssbdestsearch,"Singapore, ",paid,fashion,,"Mon, Jun 30 •  10:00 AM",From $0.00,Magaras
Whispers In The Dark by Spirited Connections,https://www.eventbrite.sg/e/whispers-in-the-dark-by-spirited-connections-tickets-1333797416979?aff=ebdssbdestsearch,"Singapore, ",paid,music,Sales end soon,Tomorrow • 10:00 PM,From $27.31,Spirited Connections
Mindfulness Based Stress Reduction by Angie Chew - NT20250624MBSR,https://www.eventbrite.sg/e/mindfulness-based-stress-reduction-by-angie-chew-nt20250624mbsr-tickets-1268314766609?aff=ebdssbdestsearch,"Singapore, ",paid,health,Almost full,"Tue, Jun 24 •  7:00 PM",From $0.00,Brahm Centre 百仁中心
Buddhist Fellowship's Fundraising Lunch & 37th Anniversary Celebrations,https://www.eventbrite.sg/e/buddhist-fellowships-fundraising-lunch-37th-anniversary-celebrations-tickets-1280713882699?aff=ebdssbdestsearch,"Singapore, ",paid,spirituality,Sales end soon,"Sun, Jun 15 •  10:30 AM",From $310.36,Buddhist Fellowship
TCM Nutrition and Dietetics X The Breast Years of Your Life Pre-Launch,https://www.eventbrite.sg/e/tcm-nutrition-and-dietetics-x-the-breast-years-of-your-life-pre-launch-tickets-1268231948899?aff=ebdssbdestsearch,"Singapore, ",paid,health,,"Sat, Jun 14 •  9:30 AM",From $10.00,Solis Breast Care & Surgery Centre
Mindfulness Based Cognitive Therapy by Angie & Thomas - NT20250626MBCT,https://www.eventbrite.sg/e/mindfulness-based-cognitive-therapy-by-angie-thomas-nt20250626mbct-tickets-1269979736579?aff=ebdssbdestsearch,"Singapore, ",paid,health,,"Thu, Jun 26 •  7:00 PM",From $0.00,Brahm Centre 百仁中心
Electronic Super Cup x The Ultimate Showdown - MLBB (U18),https://www.eventbrite.sg/e/electronic-super-cup-x-the-ultimate-showdown-mlbb-u18-tickets-1344922933699?aff=ebdssbdestsearch,"Singapore, ",paid,,Sales end soon,"Mon, Jun 9 •  3:00 PM",From $22.05,Zenway Productions
WellSpent Sunday Luxe: Royal Cuisine of Pakistan,https://www.eventbrite.sg/e/wellspent-sunday-luxe-royal-cuisine-of-pakistan-tickets-1317049854569?aff=ebdssbdestsearch,"Singapore, ",paid,food-and-drink,Sales end soon,Sunday • 12:00 PM,From $51.40,At-Sunrice GlobalChef Academy
CLEF EDGE Annual Concert 2025,https://www.eventbrite.com/e/clef-edge-annual-concert-2025-tickets-1303945860169?aff=ebdssbdestsearch,"Singapore, ",paid,music,,"Sun, Jun 15 •  7:00 PM",From $32.54,Victoria Concert Hall
Pawtrait 101: Take Better Pet Photos  With Just Your Smartphone!,https://www.eventbrite.sg/e/pawtrait-101-take-better-pet-photos-with-just-your-smartphone-tickets-1326178418349?aff=ebdssbdestsearch,"Singapore, ",paid,hobbies,,Wednesday • 7:30 PM,From $30.44,Oxley BizHub 2
Pawtrait 101: Take Better Pet Photos With Just Your Smartphone!,https://www.eventbrite.sg/e/pawtrait-101-take-better-pet-photos-with-just-your-smartphone-tickets-1326178418349?aff=ebdssbdestsearch,"Singapore, ",paid,hobbies,,Wednesday • 7:30 PM,From $30.44,Oxley BizHub 2
DSA Interview Skills Workshop  - 10 JUNE 2025,https://www.eventbrite.sg/e/dsa-interview-skills-workshop-10-june-2025-tickets-1015791679257?aff=ebdssbdestsearch,"Singapore, ",paid,family-and-education,,"Tue, Jun 10 •  9:00 AM",From $280.00,Discovering Potential Pte Ltd
DSA Interview Skills Workshop - 10 JUNE 2025,https://www.eventbrite.sg/e/dsa-interview-skills-workshop-10-june-2025-tickets-1015791679257?aff=ebdssbdestsearch,"Singapore, ",paid,family-and-education,,"Tue, Jun 10 • 9:00 AM",From $280.00,"Singapore Shopping Centre, 6th Floor (150m from Dhoby Ghaut MRT)"
SAFEHSE - SPECIAL PLACE (ACOUSTIC GUITAR CONCERT),https://www.eventbrite.com/e/safehse-special-place-acoustic-guitar-concert-tickets-1329964713259?aff=ebdssbdestsearch,"Singapore, ",paid,music,,"Sat, Jun 7 •  8:00 PM",From $30.00,FINGERSTYLE ACADEMY
One @ the Ballet - A Dancer’s Perspective,https://www.eventbrite.sg/e/one-the-ballet-a-dancers-perspective-tickets-1106846952029?aff=ebdssbdestsearch,"Singapore, ",paid,arts,,"Sat, Jun 14 •  1:00 PM",From $22.00,Singapore Ballet
(Pride Month Edition) Date My Friend: Comedy dating pitch show,https://www.eventbrite.sg/e/pride-month-edition-date-my-friend-comedy-dating-pitch-show-tickets-1330584226239?aff=ebdssbdestsearch,"Singapore, ",paid,arts,Going fast,"Tue, Jun 10 •  8:00 PM",From $27.31,PPTK.TV PowerPoint Karaoke Singapore
Mindfulness Foundation Course by May Chng - TP20250612MFC,https://www.eventbrite.sg/e/mindfulness-foundation-course-by-may-chng-tp20250612mfc-tickets-1319551196149?aff=ebdssbdestsearch,"Singapore, ",paid,health,Going fast,Brahm Centre @ Tampines,From $0.00,Brahm Centre 百仁中心
In Song '25,https://www.eventbrite.sg/e/in-song-25-tickets-1128484099319?aff=ebdssbdestsearch,"Singapore, ",paid,music,,"Sat, Jul 12 •  7:00 PM",From $24.00,Victoria Concert Hall
Writing for the Church: Called for Mission,https://www.eventbrite.sg/e/writing-for-the-church-called-for-mission-tickets-1336192621099?aff=ebdssbdestsearch,"Singapore, ",paid,spirituality,,"Mon, Jul 7 •  10:00 AM",From $79.06,Redemption Hill Church
MuSIScal by Strangers In-Sync,https://www.eventbrite.sg/e/musiscal-by-strangers-in-sync-tickets-1311542000429?aff=ebdssbdestsearch,"Singapore, ",paid,arts,Sales end soon,Sunday • 5:00 PM,From $27.31,Larks Improv Theatre
LCentral PSLE English Workshop 2025,https://www.eventbrite.sg/e/lcentral-psle-english-workshop-2025-tickets-1289392781519?aff=ebdssbdestsearch,"Singapore, ",paid,family-and-education,,"Mon, Jun 23 •  10:00 AM",From $168.00,National Library / Lee Kong Chian Reference Library
Deep Human Facilitation (Level 1),https://www.eventbrite.sg/e/deep-human-facilitation-level-1-tickets-1006510077737?aff=ebdssbdestsearch,"Singapore, ",paid,business,Just added,"Thu, Jun 12 •  9:00 AM","From $2,620.58",Crystal Lim-Lange & Dr. Greg Lim-Lange
Build Wild! Nature Meets Architecture  /  3-Day Arkki Holiday Workshop,https://www.eventbrite.sg/e/build-wild-nature-meets-architecture-3-day-arkki-holiday-workshop-tickets-1314893284209?aff=ebdssbdestsearch,"Singapore, ",paid,family-and-education,Almost full,Monday • 9:00 AM,From $330.00,Arkki Singapore
Build Wild! Nature Meets Architecture / 3-Day Arkki Holiday Workshop,https://www.eventbrite.sg/e/build-wild-nature-meets-architecture-3-day-arkki-holiday-workshop-tickets-1314893284209?aff=ebdssbdestsearch,"Singapore, ",paid,family-and-education,Almost full,Monday • 9:00 AM,From $330.00,Kada
Design Your Dream Room! Arkki 3-Day Interior Design Holiday Workshop,https://www.eventbrite.sg/e/design-your-dream-room-arkki-3-day-interior-design-holiday-workshop-tickets-1315138036269?aff=ebdssbdestsearch,"Singapore, ",paid,family-and-education,,Monday • 9:00 AM,From $330.00,Arkki Singapore
Certified Generative AI Professional - Self Study,https://www.eventbrite.sg/e/certified-generative-ai-professional-self-study-tickets-1103670039799?aff=ebdssbdestsearch,"Singapore, ",paid,business,Almost full,"Tue, Jul 1 •  10:00 AM",From $105.88,International Alliance Certification Network
Art+Heart: Singles Art Jamming – Episode 2 Hosted by WeArt & iDatings,https://www.eventbrite.sg/e/artheart-singles-art-jamming-episode-2-hosted-by-weart-idatings-tickets-1295279619209?aff=ebdssbdestsearch,"Singapore, Singapore",paid,arts,,"Sat, Jun 7 •  6:30 PM",From $37.78,iDatings
WSQ Respond to Fire Emergency in Buildings (PI-CP-103E-1)Run 342,https://www.eventbrite.sg/e/wsq-respond-to-fire-emergency-in-buildings-pi-cp-103e-1run-342-tickets-1080197181849?aff=ebdssbdestsearch,"Singapore, ",paid,other,Going fast,"Wed, Jun 11 •  9:00 AM",From $0.00,CERT Consultancy Group Pte Ltd
Our Musical Journey,https://www.eventbrite.sg/e/our-musical-journey-tickets-1339794143349?aff=ebdssbdestsearch,"Atrix, ",paid,arts,Sales end soon,Tomorrow • 3:30 PM,From $23.78,Kenneth Mark Bane
Shuqun 100th Anniversary Gala Dinner,https://www.eventbrite.com/e/shuqun-100th-anniversary-gala-dinner-tickets-1302951736719?aff=ebdssbdestsearch,"Singapore, ",paid,school-activities,,"Fri, Jul 4 •  7:00 PM",From $250.00,Shangri-La Singapore
Undescribed #10 - Artist Guided Tour,https://www.eventbrite.sg/e/undescribed-10-artist-guided-tour-tickets-1325086682939?aff=ebdssbdestsearch,"Singapore, ",paid,arts,,"Sat, Jun 28 •  2:30 PM",From $0.00,DECK
Summer Evening,https://www.eventbrite.sg/e/summer-evening-tickets-1312773704489?aff=ebdssbdestsearch,"Singapore, ",paid,other,Sales end soon,Tomorrow • 4:00 PM,From $0.00,"Swiss Club, Singapore"
Korean Style Shio Pan,https://www.eventbrite.sg/e/korean-style-shio-pan-tickets-1257859665119?aff=ebdssbdestsearch,"Singapore, ",paid,food-and-drink,Almost full,"Sun, Jun 15 •  2:30 PM",From $208.56,The Vanilla Bean SG
IMPROV FAMILY COMEDY by Heartsmith & Grace Under Fire,https://www.eventbrite.sg/e/improv-family-comedy-by-heartsmith-grace-under-fire-tickets-1300265732809?aff=ebdssbdestsearch,"Singapore, ",paid,arts,Almost full,Today • 8:00 PM,From $27.31,Larks Improv Theatre
弯LOVE PRIDE Party,https://www.eventbrite.sg/e/love-pride-party-tickets-1313368292919?aff=ebdssbdestsearch,"Singapore, Singapore",paid,music,,"Sat, Jun 28 •  10:00 PM",From $30.44,Flux Asia
Let's Talk Phonetics,https://www.eventbrite.sg/e/lets-talk-phonetics-tickets-1313770756699?aff=ebdssbdestsearch,"Singapore, ",paid,hobbies,,"Sat, Jun 21 •  11:00 AM",From $38.00,Joseph Wong
Zenato Wine Dinner,https://www.eventbrite.sg/e/zenato-wine-dinner-tickets-1353009741559?aff=ebdssbdestsearch,"Singapore, ",paid,food-and-drink,Sales end soon,Tuesday • 7:00 PM,From $228.00,Crystal Wines Singapore
Once Upon a Song - June Holiday Singing Camp | Recommended for Ages 7-12,https://www.eventbrite.sg/e/once-upon-a-song-june-holiday-singing-camp-recommended-for-ages-7-12-tickets-1336337384089?aff=ebdssbdestsearch,"Singapore, ",paid,arts,,"Mon, Jun 23 •  9:00 AM",From $0.00,The Voice Company
TRAJECTORY by The Perched Nomads,https://www.eventbrite.sg/e/trajectory-by-the-perched-nomads-tickets-1307819706949?aff=ebdssbdestsearch,"Singapore, ",paid,arts,Going fast,Tomorrow • 8:00 PM,From $27.31,Larks Improv Theatre
Radiant Festival by Secret Sunrise,https://www.eventbrite.sg/e/radiant-festival-by-secret-sunrise-tickets-1336521113629?aff=ebdssbdestsearch,"Singapore, ",paid,community,,Today • 6:30 PM,From $58.73,Secret Sunrise Singapore
PSLE English Oral SBC Workshop  - 11 June 2025,https://www.eventbrite.sg/e/psle-english-oral-sbc-workshop-11-june-2025-tickets-1014324741607?aff=ebdssbdestsearch,"Singapore, ",paid,family-and-education,,"Wed, Jun 11 •  9:00 AM",From $230.00,Discovering Potential Pte Ltd
PSLE English Oral SBC Workshop - 11 June 2025,https://www.eventbrite.sg/e/psle-english-oral-sbc-workshop-11-june-2025-tickets-1014324741607?aff=ebdssbdestsearch,"Singapore, ",paid,family-and-education,,"Wed, Jun 11 • 9:00 AM",From $230.00,"Singapore Shopping Centre, 6th Floor (150m from Dhoby Ghaut MRT)"
Design your own meadow memory,https://www.eventbrite.sg/e/design-your-own-meadow-memory-tickets-1336586168209?aff=ebdssbdestsearch,"Singapore, ",paid,arts,Going fast,,From $3.00,i Light Singapore 2025
Personal Values Certification | Map of Me (Singapore),https://www.eventbrite.com.au/e/personal-values-certification-map-of-me-singapore-registration-1119453608879?aff=ebdssbdestsearch,"Singapore, ",paid,business,,"Thu, Jun 12 •  9:00 AM","From $2,495.00",Map of Me
正念基础课程 Chinese Mindfulness Foundation Course by Hsueh Ya Wen-NT20250618CMFC,https://www.eventbrite.sg/e/chinese-mindfulness-foundation-course-by-hsueh-ya-wen-nt20250618cmfc-tickets-1263621047569?aff=ebdssbdestsearch,"Singapore, ",paid,health,,"Wed, Jun 18 •  10:00 AM",From $0.00,Brahm Centre 百仁中心
Zheng Encounters,https://www.eventbrite.sg/e/zheng-encounters-tickets-1298188208879?aff=ebdssbdestsearch,"Singapore, ",paid,arts,,Stamford Arts Centre,From $38.00,
PAKKA LOCAL SINGAPORE Ch 1 ft Yung Raja,https://www.eventbrite.com/e/pakka-local-singapore-ch-1-ft-yung-raja-tickets-1330568780039?aff=ebdssbdestsearch,"Singapore, ",paid,music,,"Fri, Jun 20 •  10:00 PM",From $0.00,Hard Rock Cafe
BNI Elite Business Networking Event,https://www.eventbrite.com/e/bni-elite-business-networking-event-tickets-1302132987819?aff=ebdssbdestsearch,"Singapore, ",paid,business,Sales end soon,Tuesday • 7:30 AM + 6 more,From $75.00,BNI Elite Singapore
Business Networking with BNI Infinity,https://www.eventbrite.com/e/business-networking-with-bni-infinity-tickets-853241667797?aff=ebdssbdestsearch,"Singapore, ",paid,business,Sales end soon,Tuesday • 8:30 AM + 31 more,From $45.00,BNI Infinity
April Showers Bring May Flowers and June's Bugs (ASBMFJB),https://www.eventbrite.com/e/april-showers-bring-may-flowers-and-junes-bugs-asbmfjb-tickets-1342411511969?aff=ebdssbdestsearch,"Singapore, ",paid,music,Going fast,Tomorrow • 6:30 AM,From $15.00,Enclavebar
TRANCE4M International ft AMY WILES (Anjunabeats) Singapore Debut Show,https://www.eventbrite.sg/e/trance4m-international-ft-amy-wiles-anjunabeats-singapore-debut-show-tickets-1342480428099?aff=ebdssbdestsearch,"Singapore, Singapore",paid,music,Sales end soon,Today • 10:30 PM,From $48.26,TRANCE4M
Visit to The Gem Museum (April to June 2025),https://www.eventbrite.sg/e/visit-to-the-gem-museum-april-to-june-2025-tickets-1270088281239?aff=ebdssbdestsearch,"Singapore, ",paid,hobbies,Sales end soon,Tomorrow • 11:00 AM + 94 more,From $0.00,The Gem Museum
International Pilates Asia Congress (IPAC) 2025,https://www.eventbrite.sg/e/international-pilates-asia-congress-ipac-2025-tickets-1263756653169?aff=ebdssbdestsearch,"Singapore, ",paid,health,,"Fri, Jul 4 •  7:30 AM",From $520.40,Tzu Chi Humanistic Youth Centre (HYC)
PINK PONY COMEDY CLUB,https://www.eventbrite.sg/e/pink-pony-comedy-club-tickets-1340576593679?aff=ebdssbdestsearch,"Singapore, ",paid,arts,Almost full,"Sat, Jun 7 •  8:00 PM",From $22.05,Larks Improv Theatre
First Aid For Helpers - Central - 10% Off Promo,https://www.eventbrite.sg/e/first-aid-for-helpers-central-10-off-promo-tickets-1251467937289?aff=ebdssbdestsearch,"Singapore, ",paid,health,Going fast,"Sat, Jun 14 •  9:00 AM",From $151.98,First Aid Tuition
Asia Tech Expo,https://www.eventbrite.co.uk/e/asia-tech-expo-tickets-849596625377?aff=ebdssbdestsearch,"Singapore, ",paid,science-and-tech,,"Tue, Sep 30 •  9:00 AM",From $0.00,Expo Series
SSF (Season 2) - Tour C [Haunting Tales of Ubin],https://www.eventbrite.sg/e/ssf-season-2-tour-c-haunting-tales-of-ubin-tickets-1330675559419?aff=ebdssbdestsearch,"Singapore, ",paid,travel-and-outdoor,Almost full,"Sat, Jun 14 •  6:00 PM",From $93.53,SOMETHING STRANGE FESTIVAL (SSF)
Tech Summit Asia,https://www.eventbrite.co.uk/e/tech-summit-asia-tickets-903177116067?aff=ebdssbdestsearch,"Singapore, ",paid,science-and-tech,,"Tue, Sep 30 •  9:00 AM",From $103.16,Tech Summit
Portrait Drawing: Clothed Model – Guided Session,https://www.eventbrite.sg/e/portrait-drawing-clothed-model-guided-session-tickets-1262037541259?aff=ebdssbdestsearch,"Singapore, ",paid,arts,Going fast,Thursday • 7:00 PM,From $47.05,Chalk N Pencils
Singles Party @ Spectrum by Phil Studio- Enjoy Dance Music & Comedy,https://www.eventbrite.sg/e/singles-party-spectrum-by-phil-studio-enjoy-dance-music-comedy-tickets-1313602162429?aff=ebdssbdestsearch,"Singapore, ",paid,music,,Wednesday • 6:30 PM,From $22.05,iDatings
DesignTinkers 5-day Camp 1,https://www.eventbrite.sg/e/designtinkers-5-day-camp-1-tickets-1318212762859?aff=ebdssbdestsearch,"Singapore, ",paid,family-and-education,,Monday • 9:30 AM,From $800.00,DesignTinkers Pte Ltd
Discover Public Speaking with Toastmasters @ Sheraton Towers,https://www.eventbrite.sg/e/discover-public-speaking-with-toastmasters-sheraton-towers-tickets-1292578108919?aff=ebdssbdestsearch,"Singapore, ",paid,business,,"Mon, Jun 9 •  6:30 PM",From $25.00,Toastmasters Club of Singapore (TMCS)
Saturday Singles Social (31 May 25),https://www.eventbrite.sg/e/saturday-singles-social-31-may-25-tickets-1335352749019?aff=ebdssbdestsearch,"Singapore, ",paid,community,Sales end soon,Tomorrow • 6:00 PM,From $11.63,Whiskers and Wine
Public Speaking Masterclass: How to Create a Memorable Image,https://www.eventbrite.sg/e/public-speaking-masterclass-how-to-create-a-memorable-image-tickets-1261210447399?aff=ebdssbdestsearch,"Singapore, ",paid,business,,"Fri, Jun 6 •  7:00 PM",From $20.00,Money Mastery (Singapore) Toastmasters Club
WINGIN' IT by Bird of the Absurd,https://www.eventbrite.sg/e/wingin-it-by-bird-of-the-absurd-tickets-1307745956359?aff=ebdssbdestsearch,"Singapore, ",paid,arts,Sales end soon,Tomorrow • 5:00 PM,From $27.31,Larks Improv Theatre
5s Introduction to Graffiti Spray Painting on Canvas Holiday Bootcamp,https://www.eventbrite.sg/e/5s-introduction-to-graffiti-spray-painting-on-canvas-holiday-bootcamp-tickets-1244289245629?aff=ebdssbdestsearch,"Singapore, ",paid,holiday,,Wednesday • 1:30 PM + 44 more,From $732.46,Visual Arts Centre - above Dhoby Ghaut MRT exit B
4s Digital Art: Character Costume Design Holiday Course,https://www.eventbrite.sg/e/4s-digital-art-character-costume-design-holiday-course-tickets-1244293438169?aff=ebdssbdestsearch,"Singapore, ",paid,arts,Sales end soon,Monday • 2:30 PM + 74 more,From $504.04,Visual Arts Centre - above Dhoby Ghaut MRT exit B
Mothers' Wellbeing Modular Programme - Aqua & Movement for Wellbeing,https://www.eventbrite.sg/e/mothers-wellbeing-modular-programme-aqua-movement-for-wellbeing-registration-1232109134589?aff=ebdssbdestsearch,"Singapore, ",paid,health,Sales end soon,Monday • 9:00 AM,From $37.78,Centre for Community Wellbeing LLP
Floating Sound Bath in Hammock,https://www.eventbrite.sg/e/floating-sound-bath-in-hammock-tickets-1145465471059?aff=ebdssbdestsearch,"Singapore, ",paid,health,Sales end soon,Sunday • 4:30 AM + 13 more,From $62.53,Ministry of Yoga Wellness
Touché Amoré - Live in Singapore,https://www.eventbrite.sg/e/touche-amore-live-in-singapore-tickets-1343776304099?aff=ebdssbdestsearch,"Singapore, ",paid,music,,"Wed, Jul 23 •  7:30 PM",From $95.40,Asymmetry
"Reset, Release, Realign Small Group Breathwork Session",https://www.eventbrite.sg/e/reset-release-realign-small-group-breathwork-session-tickets-1272617014749?aff=ebdssbdestsearch,"Singapore, ",paid,health,Sales end soon,"Fri, Jun 6 •  3:30 PM  + 4 more",From $53.49,417454
PyCon Singapore 2025,https://www.eventbrite.sg/e/pycon-singapore-2025-tickets-1312622311669?aff=ebdssbdestsearch,"Singapore, ",paid,science-and-tech,,Singapore Institute of Technology (Campus Court),From $10.00,PyCon Singapore 2025
Traditional Sun Style Taijiquan,https://www.eventbrite.sg/e/traditional-sun-style-taijiquan-tickets-1250931583039?aff=ebdssbdestsearch,"Singapore, ",paid,sports-and-fitness,Sales end soon,50 Gambas Ave,,Singapore Sun Style Internal Martial Arts Research Institute
Evening Expositions 2025: Salvation Songs,https://www.eventbrite.sg/e/evening-expositions-2025-salvation-songs-tickets-1329546482319?aff=ebdssbdestsearch,"Singapore, ",paid,spirituality,,"Wed, Jul 16 •  7:00 PM",From $15.00,Project Timothy
BNI Prosperity 瑞丰商务会议,https://www.eventbrite.com/e/bni-prosperity-tickets-1277463490689?aff=ebdssbdestsearch,"Singapore, ",paid,business,,"Fri, Jun 6 •  7:30 AM  + 17 more",From $50.00,BNI Prosperity SG
Afterwork Beer,https://www.eventbrite.sg/e/afterwork-beer-tickets-1235628701709?aff=ebdssbdestsearch,"Singapore, ",paid,food-and-drink,,Thursday • 5:00 PM + 31 more,From $0.00,German Centre Singapore
Tanglin Symphony Orchestra - Rimsky-Korsakov & Tchaikovsky,https://www.eventbrite.sg/e/tanglin-symphony-orchestra-rimsky-korsakov-tchaikovsky-tickets-1268097627139?aff=ebdssbdestsearch,"Singapore, Singapore",paid,music,,"Sat, Jun 21 •  7:30 PM",From $12.00,Tanglin Trust School
One @ the Ballet - The Three Pillars of Dance,https://www.eventbrite.sg/e/one-the-ballet-the-three-pillars-of-dance-tickets-1106847854729?aff=ebdssbdestsearch,"Singapore, ",paid,arts,,"Sat, Jul 12 •  1:00 PM",From $22.00,Singapore Ballet
GLOBAL STARTUPS CLUB l STARTUP NETWORKING Singapore 2025,https://www.eventbrite.com/e/global-startups-club-l-startup-networking-singapore-2025-tickets-1273711588649?aff=ebdssbdestsearch,"Singapore, ",paid,business,Sales end soon,Tomorrow • 2:30 PM,From $21.49,MOJO STARTUP PVT LTD
"Singapore Pastors Conference 2025: The Psalms, Emotions & the Christian",https://www.eventbrite.sg/e/singapore-pastors-conference-2025-the-psalms-emotions-the-christian-tickets-1329552420079?aff=ebdssbdestsearch,"Singapore, ",paid,spirituality,,"Tue, Jul 15 •  9:00 AM",From $45.00,Project Timothy
Mentor Walks Singapore: Get guidance and grow your network,https://www.eventbrite.com.au/e/mentor-walks-singapore-get-guidance-and-grow-your-network-tickets-1116430276009?aff=ebdssbdestsearch,"Singapore, ",paid,business,,"Tue, Jul 1 •  7:15 AM",From $45.00,Mentor Walks
Certified Sustainability Practitioner - Self Study,https://www.eventbrite.sg/e/certified-sustainability-practitioner-self-study-tickets-1085767011359?aff=ebdssbdestsearch,"Singapore, ",paid,business,Going fast,"Tue, Jul 1 •  10:00 AM",From $158.27,International Alliance Certification Network
Public Speaking Masterclass: Becoming a Champion Speaker,https://www.eventbrite.sg/e/public-speaking-masterclass-becoming-a-champion-speaker-tickets-952898032667?aff=ebdssbdestsearch,"Singapore, ",paid,business,,"Fri, Jun 13 •  7:00 PM",From $20.00,Money Mastery (Singapore) Toastmasters Club
BFT UT x GB x PL HYROX Masterclass with Hong Beom Seok,https://www.eventbrite.sg/e/bft-ut-x-gb-x-pl-hyrox-masterclass-with-hong-beom-seok-tickets-1349924062209?aff=ebdssbdestsearch,"Singapore, ",paid,sports-and-fitness,Going fast,"Thu, Jun 26 •  7:00 PM",From $189.70,BFT Upper Thomson
WellSpent Sunday Luxe: Masterclass by Chef Satish Madaan (Pakistan Cuisine),https://www.eventbrite.sg/e/wellspent-sunday-luxe-masterclass-by-chef-satish-madaan-pakistan-cuisine-tickets-1317133865849?aff=ebdssbdestsearch,"Singapore, ",paid,food-and-drink,Sales end soon,Sunday • 3:00 PM,From $40.91,At-Sunrice GlobalChef Academy
GROUNDING GONGS + TIBETAN BOWLS + FLUTE: ROOT CHAKRA,https://www.eventbrite.sg/e/grounding-gongs-tibetan-bowls-flute-root-chakra-tickets-812187794557?aff=ebdssbdestsearch,"Singapore, ",paid,health,,"Thu, Jun 12 •  6:30 PM  + 13 more",From $56.24,SPACE2B
From France with Franz,https://www.eventbrite.com.au/e/from-france-with-franz-tickets-1305130734159?aff=ebdssbdestsearch,"Singapore, ",paid,music,,"Mon, Jun 30 •  7:30 PM",From $19.96,Esplanade Recital Studio
Couple Workshop: The Art of Disagreement,https://www.eventbrite.sg/e/couple-workshop-the-art-of-disagreement-tickets-1043482904457?aff=ebdssbdestsearch,"Singapore, ",paid,family-and-education,,"Sun, Jul 6 •  9:30 AM",From $150.00,Ten Butter Fingers
CosGarden 2025,https://www.eventbrite.sg/e/cosgarden-2025-tickets-1260975344199?aff=ebdssbdestsearch,"Singapore, ",paid,community,,"Sun, Jun 15 •  12:00 PM",From $6.00,HortPark
CERT First Aider Course (CFAC) Registration of Interest for Run 402,https://www.eventbrite.sg/e/cert-first-aider-course-cfac-registration-of-interest-for-run-402-tickets-1091904047399?aff=ebdssbdestsearch,"Singapore, ",paid,other,,Thursday • 9:00 AM,From $0.00,CERT Consultancy Group Pte Ltd
Revitalising Morning Yoga,https://www.eventbrite.sg/e/revitalising-morning-yoga-tickets-1050319332397?aff=ebdssbdestsearch,"Singapore, ",paid,health,Sales end soon,Tomorrow • 8:30 AM + 3 more,From $10.00,Robin Liu - HappyRobin
4s Professional Holiday Outdoor Urban Landscape Sketching Holiday Bootcamp,https://www.eventbrite.sg/e/4s-professional-holiday-outdoor-urban-landscape-sketching-holiday-bootcamp-tickets-1238617581529?aff=ebdssbdestsearch,"Singapore, ",paid,travel-and-outdoor,Sales end soon,Monday • 11:00 AM + 229 more,From $252.57,Visual Arts Centre - above Dhoby Ghaut MRT exit B
My New Happy! Experiential Group Therapy,https://www.eventbrite.sg/e/my-new-happy-experiential-group-therapy-tickets-1302021735059?aff=ebdssbdestsearch,"Singapore, ",paid,health,,"Sun, Jun 8 •  2:00 PM  + 6 more",From $60.00,Youngberg Wellness Centre Pte Ltd
Data Science & Analytics meetup and chat Singapore,https://www.eventbrite.com.au/e/data-science-analytics-meetup-and-chat-singapore-tickets-1059279677029?aff=ebdssbdestsearch,"Singapore, Singapore",paid,science-and-tech,Sales end soon,Today • 8:00 PM + 29 more,From $6.61,IT Social Singapore
"IT Social Singapore | Data, Technology, Cybersecurity, IT",https://www.eventbrite.com.au/e/it-social-singapore-data-technology-cybersecurity-it-tickets-1059276818479?aff=ebdssbdestsearch,"Singapore, Singapore",paid,science-and-tech,Sales end soon,Today • 8:00 PM + 29 more,From $6.61,IT Social Singapore
Meet People Social Singapore | Cultural International Party,https://www.eventbrite.com.au/e/meet-people-social-singapore-cultural-international-party-tickets-1059279666999?aff=ebdssbdestsearch,"Singapore, Singapore",paid,community,Sales end soon,Today • 8:00 PM + 29 more,From $6.61,Meet People Social Singapore
"Singapore Language Exchange | Make Friends, Learn Languages & Culture",https://www.eventbrite.com.au/e/singapore-language-exchange-make-friends-learn-languages-culture-tickets-1059279697089?aff=ebdssbdestsearch,"Singapore, Singapore",paid,community,Sales end soon,Today • 8:00 PM + 29 more,From $6.61,Meet People Social Singapore
Young IT Professionals in Singapore Social,https://www.eventbrite.com.au/e/young-it-professionals-in-singapore-social-tickets-1059276698119?aff=ebdssbdestsearch,"Singapore, Singapore",paid,science-and-tech,Sales end soon,Today • 8:00 PM + 29 more,From $6.61,IT Social Singapore
From Complexity to Connectivity:  Bridging the Future of Hybrid Integration,https://www.eventbrite.sg/e/from-complexity-to-connectivity-bridging-the-future-of-hybrid-integration-tickets-1285387912849?aff=ebdssbdestsearch,"Singapore, ",paid,science-and-tech,Sales end soon,Tuesday • 8:00 AM,"From $1,033.61",OpenGov Asia
From Complexity to Connectivity: Bridging the Future of Hybrid Integration,https://www.eventbrite.sg/e/from-complexity-to-connectivity-bridging-the-future-of-hybrid-integration-tickets-1285387912849?aff=ebdssbdestsearch,"Singapore, ",paid,science-and-tech,Sales end soon,Tuesday • 8:00 AM,"From $1,033.61",Sheraton Towers Singapore
Mindfulness Based Cognitive Therapy by May & Chew Ping - SM20250704MBCT,https://www.eventbrite.sg/e/mindfulness-based-cognitive-therapy-by-may-chew-ping-sm20250704mbct-tickets-1319570102699?aff=ebdssbdestsearch,"Singapore, ",paid,health,,"Fri, Jul 4 •  7:00 PM",From $0.00,Brahm Centre 百仁中心
The Magic Bar  Show - Whispers of The Mind by Mentalist Nique Tan,https://www.eventbrite.sg/e/the-magic-bar-show-whispers-of-the-mind-by-mentalist-nique-tan-tickets-1261836931229?aff=ebdssbdestsearch,"Singapore, ",paid,arts,,Thursday • 7:45 PM + 17 more,From $51.00,Theatre of Wonder
The Magic Bar Show - Whispers of The Mind by Mentalist Nique Tan,https://www.eventbrite.sg/e/the-magic-bar-show-whispers-of-the-mind-by-mentalist-nique-tan-tickets-1261836931229?aff=ebdssbdestsearch,"Singapore, ",paid,arts,,Thursday • 7:45 PM + 17 more,From $51.00,"2 Havelock Rd, #01 11"
90% off -  Mastering The GROW model - A must have e-book for coaches,https://www.eventbrite.sg/e/90-off-mastering-the-grow-model-a-must-have-e-book-for-coaches-tickets-1094329722659?aff=ebdssbdestsearch,"Singapore, ",paid,business,Going fast,"Tue, Jul 1 •  10:00 AM",From $5.00,International Alliance Certification Network
90% off - Mastering The GROW model - A must have e-book for coaches,https://www.eventbrite.sg/e/90-off-mastering-the-grow-model-a-must-have-e-book-for-coaches-tickets-1094329722659?aff=ebdssbdestsearch,"Singapore, ",paid,business,Going fast,"Tue, Jul 1 • 10:00 AM",From $5.00,Shaw Centre
Parent and Children Art Therapy Session,https://www.eventbrite.sg/e/parent-and-children-art-therapy-session-tickets-1000649247837?aff=ebdssbdestsearch,"Singapore, ",paid,health,Sales end soon,Tomorrow • 10:30 AM + 13 more,From $189.70,Visual Arts Centre - above Dhoby Ghaut MRT exit B
Design Your Future Town! Arkki Signature 2-Day Architecture Camp,https://www.eventbrite.sg/e/design-your-future-town-arkki-signature-2-day-architecture-camp-tickets-1316199099939?aff=ebdssbdestsearch,"Singapore, ",paid,family-and-education,Sales end soon,Thursday • 9:00 AM,From $230.00,Arkki Singapore
Confrérie de la Tartiflette - June Dinner,https://www.eventbrite.sg/e/confrerie-de-la-tartiflette-june-dinner-tickets-1238511183289?aff=ebdssbdestsearch,"Singapore, ",paid,food-and-drink,,"Sat, Jun 28 •  7:00 PM",From $69.22,Atout
MINDSHIFT: 5 day Youth Innovation Camp,https://www.eventbrite.fi/e/mindshift-5-day-youth-innovation-camp-tickets-1304978087589?aff=ebdssbdestsearch,"Singapore, ",paid,family-and-education,,"Mon, Jun 9 •  9:00 AM  + 1 more",From $550.00,Singapore
Ministry Matters 2025,https://www.eventbrite.sg/e/ministry-matters-2025-tickets-1329535369079?aff=ebdssbdestsearch,"Singapore, ",paid,spirituality,,"Sat, Jul 19 •  9:00 AM",From $18.75,Project Timothy
Not about Sex or Sorcery,https://www.eventbrite.sg/e/not-about-sex-or-sorcery-tickets-1333027173159?aff=ebdssbdestsearch,"Singapore, ",paid,other,,Today • 7:00 PM,,Humanist Society (Singapore)
“Watercolour Painting Demystified” 8-Week Basic Watercolour Workshop,https://www.eventbrite.sg/e/watercolour-painting-demystified-8-week-basic-watercolour-workshop-registration-1249874802179?aff=ebdssbdestsearch,"Singapore, ",paid,arts,Going fast,"Sat, Jul 5 •  9:30 AM",From $881.25,Art Workshops By Leach
Connect-Tac-Toe: Session #4,https://www.eventbrite.sg/e/connect-tac-toe-session-4-tickets-1270300887149?aff=ebdssbdestsearch,"Singapore, ",paid,business,,No Horse Run Cafe AMK,From $20.50,Groove The Move
Speed Dating @ Cat Cafe,https://www.eventbrite.sg/e/speed-dating-cat-cafe-tickets-1347362751259?aff=ebdssbdestsearch,"Singapore, ",paid,community,Sales end soon,Tomorrow • 6:00 PM,From $33.59,iDatings
PURE SHORES – GONGS + OCEAN DRUM SOUND MEDITATION,https://www.eventbrite.sg/e/pure-shores-gongs-ocean-drum-sound-meditation-tickets-812191004157?aff=ebdssbdestsearch,"Singapore, ",paid,health,Sales end soon,Sunday • 12:00 PM + 30 more,From $56.24,SPACE2B
CHAKRA HARMONY: A SOUND JOURNEY FOR WELL-BEING AND BALANCE,https://www.eventbrite.sg/e/chakra-harmony-a-sound-journey-for-well-being-and-balance-tickets-1080173962399?aff=ebdssbdestsearch,"Singapore, ",paid,spirituality,Sales end soon,Tomorrow • 2:00 PM + 30 more,From $56.24,SPACE2B
SELF-LOVE AND GRATITUDE SOUND BATH,https://www.eventbrite.sg/e/self-love-and-gratitude-sound-bath-tickets-1080177161969?aff=ebdssbdestsearch,"Singapore, ",paid,spirituality,Sales end soon,Tomorrow • 3:30 PM + 30 more,From $56.24,SPACE2B
INDULGE IN REST: CRYSTAL BOWLS + CHIMES SOUND HEALING,https://www.eventbrite.sg/e/indulge-in-rest-crystal-bowls-chimes-sound-healing-tickets-1080178596259?aff=ebdssbdestsearch,"Singapore, ",paid,spirituality,Sales end soon,Tomorrow • 5:00 PM + 30 more,From $56.24,SPACE2B
SATURDAY NIGHT HEART CAMP,https://www.eventbrite.sg/e/saturday-night-heart-camp-tickets-1080218485569?aff=ebdssbdestsearch,"Singapore, ",paid,health,Sales end soon,Tomorrow • 7:00 PM + 15 more,From $101.73,SPACE2B
Kundalini Yoga & Gong Healing,https://www.eventbrite.sg/e/kundalini-yoga-gong-healing-tickets-1124079775869?aff=ebdssbdestsearch,"Singapore, Singapore",paid,health,,"Sat, Jun 7 •  8:00 AM  + 27 more",From $53.49,Shirley Tay
WSET LEVEL 1 WINE COURSE SINGAPORE (English),https://www.eventbrite.sg/e/wset-level-1-wine-course-singapore-english-tickets-1128722853439?aff=ebdssbdestsearch,"Singapore, ",paid,food-and-drink,Sales end soon,Tomorrow • 10:30 AM + 35 more,,Fine Wines SG
DOUBLE FANTASY – CRYSTAL BOWLS + RAV VAST SOUND MEDITATION,https://www.eventbrite.sg/e/double-fantasy-crystal-bowls-rav-vast-sound-meditation-tickets-812196249847?aff=ebdssbdestsearch,"Singapore, ",paid,health,Sales end soon,Sunday • 2:00 PM + 30 more,From $56.24,SPACE2B
FEEL SO HIGH – CRYSTAL BOWLS + MONOLINI SOUND MEDITATION,https://www.eventbrite.sg/e/feel-so-high-crystal-bowls-monolini-sound-meditation-tickets-812198075307?aff=ebdssbdestsearch,"Singapore, ",paid,health,Sales end soon,Sunday • 3:30 PM + 30 more,From $56.24,SPACE2B
Punch Needle,https://www.eventbrite.sg/e/punch-needle-tickets-1023038394377?aff=ebdssbdestsearch,"Singapore, ",paid,hobbies,Sales end soon,Monday • 10:00 AM + 192 more,From $27.31,Crafty Summer
Upcycled Accessory,https://www.eventbrite.sg/e/upcycled-accessory-tickets-1023036619067?aff=ebdssbdestsearch,"Singapore, ",paid,hobbies,Sales end soon,Monday • 10:00 AM + 209 more,From $27.31,Crafty Summer
Sanrio-themed Decoden Cream Workshop,https://www.eventbrite.sg/e/sanrio-themed-decoden-cream-workshop-tickets-1023034332227?aff=ebdssbdestsearch,"Singapore, ",paid,hobbies,Sales end soon,Monday • 10:00 AM + 209 more,From $27.31,Crafty Summer
Macrame Strap,https://www.eventbrite.sg/e/macrame-strap-tickets-1023030751517?aff=ebdssbdestsearch,"Singapore, ",paid,hobbies,Sales end soon,Tomorrow • 12:00 PM + 227 more,From $16.82,Crafty Summer
Chunky Knit Bag,https://www.eventbrite.sg/e/chunky-knit-bag-tickets-1022751927547?aff=ebdssbdestsearch,"Singapore, ",paid,hobbies,Sales end soon,Tomorrow • 12:00 PM + 211 more,From $32.54,Crafty Summer
Youth Xperience: Guided Bouldering 3 Lessons (12 - 18Yrs Old)-OS20250604GB,https://www.eventbrite.sg/e/youth-xperience-guided-bouldering-3-lessons-12-18yrs-old-os20250604gb-tickets-1343535182899?aff=ebdssbdestsearch,"Singapore, ",paid,holiday,Sales end soon,Wednesday • 2:00 PM,From $36.00,Brahm Centre 百仁中心
Kids Innovation Camp: Design That Sticks,https://www.eventbrite.com/e/kids-innovation-camp-design-that-sticks-tickets-1354490510579?aff=ebdssbdestsearch,"Singapore, ",paid,hobbies,,"Tue, Jun 10 •  1:00 PM",From $170.84,Citysprouts
WSQ Respond to Fire Incident in Workplace (PI-CP-104E-1) Run 427,https://www.eventbrite.sg/e/wsq-respond-to-fire-incident-in-workplace-pi-cp-104e-1-run-427-tickets-1081555133519?aff=ebdssbdestsearch,"Singapore, ",paid,other,,"Wed, Jul 16 •  9:00 AM",From $0.00,CERT Consultancy Group Pte Ltd
Tuning Forks Mastery Training Course,https://www.eventbrite.sg/e/tuning-forks-mastery-training-course-tickets-811242296547?aff=ebdssbdestsearch,"Singapore, ",paid,health,Sales end soon,Wednesday • 1:00 PM + 13 more,From $354.46,SPACE2B
Open My Factory: SingPost Mail Processing Centre,https://www.eventbrite.sg/e/open-my-factory-singpost-mail-processing-centre-tickets-1243057381089?aff=ebdssbdestsearch,"Singapore, ",paid,community,,"Fri, Jun 20 •  7:00 PM",From $22.05,My Community
Sanctuary of Healing Sound,https://www.eventbrite.sg/e/sanctuary-of-healing-sound-tickets-1343481763119?aff=ebdssbdestsearch,"Singapore, ",paid,health,,Thursday • 7:00 PM + 3 more,From $29.00,73A Geylang Rd
The Magic Bar Show- A Night at The Magic Bar by Illusionist Alexander Y,https://www.eventbrite.sg/e/the-magic-bar-show-a-night-at-the-magic-bar-by-illusionist-alexander-y-tickets-918606856837?aff=ebdssbdestsearch,"Singapore, ",paid,arts,Sales end soon,Tomorrow • 5:00 PM + 20 more,From $98.50,Theatre of Wonder
The Enneagram Heart-Centred Prescription,https://www.eventbrite.sg/e/the-enneagram-heart-centred-prescription-tickets-1338175140869?aff=ebdssbdestsearch,"Singapore, Singapore",paid,spirituality,,Relationship Studio x The Enneagram Academy,From $6.34,ARC 380
World Opportunities Forum 2025,https://www.eventbrite.sg/e/world-opportunities-forum-2025-tickets-1309451427469?aff=ebdssbdestsearch,"Singapore, singapore",paid,,,"Wed, Jul 9 •  9:00 AM",From $188.00,World Opportunities Forum 2024
[04 & 05 Jun 2025] People Performance Management for New Managers 3.0,https://www.eventbrite.sg/e/04-05-jun-2025-people-performance-management-for-new-managers-30-tickets-1124315811859?aff=ebdssbdestsearch,"Singapore, ",paid,business,Sales end soon,Wednesday • 9:00 AM,From $524.16,Aventis Learning Group
Much Ado About Nothing by William Shakespeare | 2025 Theatre Play,https://www.eventbrite.sg/e/much-ado-about-nothing-by-william-shakespeare-2025-theatre-play-tickets-1303482273569?aff=ebdssbdestsearch,"Singapore, Singapore",paid,arts,,"Thu, Jun 12 •  7:30 PM  + 11 more",From $37.42,The Winter Players
Kumar's Stand-Up Comedy Live!,https://www.eventbrite.sg/e/kumars-stand-up-comedy-live-tickets-1322690024469?aff=ebdssbdestsearch,"Singapore, ",paid,arts,,Chameleon Global Events Pte Ltd,From $57.58,Crystal Fairy
CONVENE 清雅集 Episode 5 - Raga 拉格,https://www.eventbrite.sg/e/convene-episode-5-raga-tickets-1311251180579?aff=ebdssbdestsearch,"Singapore, Singapore",paid,arts,Just added,"Fri, Jun 13 •  7:30 PM",From $22.05,RuanAtWorkz Musical Art 䪭樂房
Floating New Moon GONG BATH – Stargates of Intention,https://www.eventbrite.sg/e/floating-new-moon-gong-bath-stargates-of-intention-tickets-1315287152279?aff=ebdssbdestsearch,"Singapore, ",paid,health,,Today • 7:45 PM,,Wenyogaheal
Design a Home: 3-day Camp (Jun),https://www.eventbrite.sg/e/design-a-home-3-day-camp-jun-tickets-1307752546069?aff=ebdssbdestsearch,"Singapore, ",paid,family-and-education,,Monday • 9:30 AM,From $485.00,DesignTinkers Pte Ltd
Chibi Styled Creatures with Procreate(Ages 7-17)CNP Holiday Camp @ NewBahru,https://www.eventbrite.sg/e/chibi-styled-creatures-with-procreateages-7-17cnp-holiday-camp-newbahru-tickets-1352290420049?aff=ebdssbdestsearch,"Singapore, ",paid,hobbies,Sales end soon,Monday • 9:00 AM,From $196.56,Chalk N Pencils
Build a TreeHouse: 1-day Camp* (Jun),https://www.eventbrite.sg/e/build-a-treehouse-1-day-camp-jun-tickets-1311280498269?aff=ebdssbdestsearch,"Singapore, Singapore",paid,family-and-education,Sales end soon,"Fri, Jun 6 •  9:30 AM",From $165.00,DesignTinkers Pte Ltd
NSA - Portrait Drawing (Level 1),https://www.eventbrite.sg/e/nsa-portrait-drawing-level-1-tickets-1311420326499?aff=ebdssbdestsearch,"Singapore, ",paid,arts,,Family Central,,Check ticket price on event
Design an Ice Cream Truck + Branding: 2-day Camp* (Jun),https://www.eventbrite.sg/e/design-an-ice-cream-truck-branding-2-day-camp-jun-tickets-1311283577479?aff=ebdssbdestsearch,"Singapore, Singapore",paid,family-and-education,Sales end soon,Wednesday • 9:30 AM,From $320.00,DesignTinkers Pte Ltd
Design a Cafe: 2-day Camp*,https://www.eventbrite.sg/e/design-a-cafe-2-day-camp-tickets-1326236642499?aff=ebdssbdestsearch,"Singapore, ",paid,family-and-education,Sales end soon,Thursday • 9:30 AM,From $320.00,DesignTinkers Pte Ltd
Design a Home: 3-day Camp* (Jun),https://www.eventbrite.sg/e/design-a-home-3-day-camp-jun-tickets-1311277449149?aff=ebdssbdestsearch,"Singapore, ",paid,family-and-education,,"Mon, Jun 9 •  9:30 AM",From $485.00,DesignTinkers Pte Ltd
Sound Bath featuring Mixed Quartz Crystal Singing Bowls,https://www.eventbrite.com/e/sound-bath-featuring-mixed-quartz-crystal-singing-bowls-tickets-1352997183999?aff=ebdssbdestsearch,"Singapore, ",paid,health,Sales end soon,"Groove Studio (Pole Dance | Aerial Silk, Hoop, Hammock | Yoga | Flexibility & Strength | Chair/Heels Dance | Studio Rental)",From $21.90,Brian Singing Bowls
Children Workshop: Grand Hotel of Feelings,https://www.eventbrite.sg/e/children-workshop-grand-hotel-of-feelings-tickets-1316011599119?aff=ebdssbdestsearch,"Singapore, ",paid,health,Sales end soon,Monday • 9:30 AM,From $90.00,Holding Ground (Psychology Practice)
Music Adventure Camp for 7-16 y.o.(Tampines Plaza2),https://www.eventbrite.sg/e/music-adventure-camp-for-7-16-yotampines-plaza2-tickets-1351367018129?aff=ebdssbdestsearch,"Singapore, ",paid,music,Sales end soon,5 Tampines Central 1,From $488.00,Believer Music
Music Adventure Camp for 7-16 y.o.(Novena Square),https://www.eventbrite.sg/e/music-adventure-camp-for-7-16-yonovena-square-tickets-1351369345089?aff=ebdssbdestsearch,"Singapore, ",paid,music,Sales end soon,Monday • 10:00 AM,From $488.00,Believer Music
Music Adventure Camp for 7-16 y.o.(International Plaza),https://www.eventbrite.sg/e/music-adventure-camp-for-7-16-yointernational-plaza-tickets-1351368713199?aff=ebdssbdestsearch,"Singapore, Singapore",paid,music,Sales end soon,Monday • 10:00 AM,From $488.00,Believer Music
Capybara Charm Making (Ages 7-17) CNP Holiday Camp @ New Bahru,https://www.eventbrite.sg/e/capybara-charm-making-ages-7-17-cnp-holiday-camp-new-bahru-tickets-1353263821519?aff=ebdssbdestsearch,"Singapore, ",paid,hobbies,Sales end soon,Tuesday • 9:00 AM,From $196.56,Chalk N Pencils
Outdoor Painting Changi Airport (Ages 7-17)CNP Art Camp @ NewBahru,https://www.eventbrite.sg/e/outdoor-painting-changi-airport-ages-7-17cnp-art-camp-newbahru-tickets-1353276479379?aff=ebdssbdestsearch,"Singapore, ",paid,arts,,"Wed, Jun 11 •  9:00 AM",From $196.56,Chalk N Pencils
1-on-1  Life Consultation,https://www.eventbrite.sg/e/1-on-1-life-consultation-tickets-1266498905319?aff=ebdssbdestsearch,"Singapore, ",paid,business,,,From $88.08,Life & Career Consultancy Services
1-on-1 Life Consultation,https://www.eventbrite.sg/e/1-on-1-life-consultation-tickets-1266498905319?aff=ebdssbdestsearch,"Singapore, ",paid,business,,,From $88.08,"Starbucks @ Lazada One (Bencoolen MRT, 5 mins walk)"
FRIDAY DISTORT NIGHT II,https://www.eventbrite.com/e/friday-distort-night-ii-tickets-1351463496699?aff=ebdssbdestsearch,"Singapore, ",paid,music,,Today • 7:00 PM,From $16.82,Hardcore Humour
Learn To Play -Checkers and Carrom,https://www.eventbrite.sg/e/learn-to-play-checkers-and-carrom-tickets-1352376176549?aff=ebdssbdestsearch,"Singapore, ",paid,hobbies,Sales end soon,Tomorrow • 10:00 AM + 8 more,,Check ticket price on event
Outdoor Painting Shophouses (Ages 7-17)CNP Art Camp @ NewBahru,https://www.eventbrite.sg/e/outdoor-painting-shophouses-ages-7-17cnp-art-camp-newbahru-tickets-1353267402229?aff=ebdssbdestsearch,"Singapore, ",paid,arts,Sales end soon,Wednesday • 9:00 AM,From $196.56,Chalk N Pencils
Bloom & Be: An Empowering Workshop for Girls Aged 8 to 12,https://www.eventbrite.sg/e/bloom-be-an-empowering-workshop-for-girls-aged-8-to-12-tickets-1309537113759?aff=ebdssbdestsearch,"Singapore, ",paid,family-and-education,Sales end soon,Wednesday • 9:30 AM,From $189.70,Holding Ground (Psychology Practice)
Taylor Swift (Silk Screen & Fan Art)(Ages 7-17)CNP Holiday Camp @ New Bahru,https://www.eventbrite.sg/e/taylor-swift-silk-screen-fan-artages-7-17cnp-holiday-camp-new-bahru-tickets-1353269488469?aff=ebdssbdestsearch,"Singapore, ",paid,arts,,"Fri, Jun 6 •  9:00 AM",From $196.56,Chalk N Pencils
Van Gogh Inspired Large Canvas Painting (Ages 7-17)CNP Art Camp @ NewBahru,https://www.eventbrite.sg/e/van-gogh-inspired-large-canvas-painting-ages-7-17cnp-art-camp-newbahru-tickets-1352308744859?aff=ebdssbdestsearch,"Singapore, ",paid,arts,,Thursday • 9:00 AM,From $196.56,Chalk N Pencils
First Aid For Families - Central - City Hall,https://www.eventbrite.sg/e/first-aid-for-families-central-city-hall-tickets-1251554686759?aff=ebdssbdestsearch,"Singapore, ",paid,health,Sales end soon,Tomorrow • 9:00 AM,From $168.75,First Aid Tuition
Corporate Valuation: Techniques & Applications,https://www.eventbrite.sg/e/corporate-valuation-techniques-applications-tickets-1054615716999?aff=ebdssbdestsearch,"Singapore, ",paid,business,,"Mon, Jun 9 •  9:00 AM","From $2,773.63",Riverstone Training Pte Ltd
1-on-1   Tarots Consultation,https://www.eventbrite.sg/e/1-on-1-tarots-consultation-tickets-1073103805369?aff=ebdssbdestsearch,"Singapore, ",paid,health,,,From $88.08,Life Revelation & Consultancy Services
1-on-1 Tarots Consultation,https://www.eventbrite.sg/e/1-on-1-tarots-consultation-tickets-1073103805369?aff=ebdssbdestsearch,"Singapore, ",paid,health,,,From $88.08,Starbucks @ Lazada One (Bencoolen /Bras Basah MRT)
Honeycomb Cake & Kuih Bahulu,https://www.eventbrite.sg/e/honeycomb-cake-kuih-bahulu-tickets-1310053438099?aff=ebdssbdestsearch,"Singapore, ",paid,food-and-drink,,"Sun, Jun 8 •  2:00 PM",From $189.70,The Vanilla Bean SG
1-on-1   Tarots Consultation - Weekends,https://www.eventbrite.sg/e/1-on-1-tarots-consultation-weekends-tickets-612981713807?aff=ebdssbdestsearch,"Singapore, ",paid,health,,,From $88.08,Life Revelation & Consultancy Services
1-on-1 Tarots Consultation - Weekends,https://www.eventbrite.sg/e/1-on-1-tarots-consultation-weekends-tickets-612981713807?aff=ebdssbdestsearch,"Singapore, ",paid,health,,,From $88.08,"Starbucks @ Lazada One (Bencoolen MRT, 5 mins walk)"
1 on 1 Relationship Consultation,https://www.eventbrite.sg/e/1-on-1-relationship-consultation-tickets-1309491366929?aff=ebdssbdestsearch,"Singapore, ",paid,business,,,From $88.08,Life & Career Consultancy Services
1-on-1 Career Consultation,https://www.eventbrite.sg/e/1-on-1-career-consultation-tickets-1309494085059?aff=ebdssbdestsearch,"Singapore, ",paid,business,,,From $88.08,Life & Career Consultancy Services
[Returning] Python Problem Solving,https://www.eventbrite.sg/e/returning-python-problem-solving-tickets-1252690333509?aff=ebdssbdestsearch,"Singapore, ",paid,science-and-tech,Sales end soon,Monday • 9:30 AM + 9 more,From $570.00,LCCL Coding Academy
Python Quick Dive for Teens (Python Level 1),https://www.eventbrite.sg/e/python-quick-dive-for-teens-python-level-1-tickets-1252683653529?aff=ebdssbdestsearch,"Singapore, ",paid,science-and-tech,Sales end soon,Monday • 9:30 AM + 9 more,From $570.00,LCCL Coding Academy
Basic Excel Training,https://www.eventbrite.sg/e/basic-excel-training-tickets-1048515306507?aff=ebdssbdestsearch,"Singapore, ",paid,business,Sales end soon,Monday • 9:00 AM,"From $2,054.56",Riverstone Training Pte Ltd
Phoenix Network: A Support Circle for Career Transitions,https://www.eventbrite.sg/e/phoenix-network-a-support-circle-for-career-transitions-tickets-1352149408279?aff=ebdssbdestsearch,"Singapore, ",paid,business,,"Thu, Jun 12 •  2:00 PM",From $15.00,Career Space Consulting
Private Equity Masterclass,https://www.eventbrite.sg/e/private-equity-masterclass-tickets-1056369683159?aff=ebdssbdestsearch,"Singapore, ",paid,business,,"Wed, Jun 11 •  9:00 AM","From $2,773.63",Riverstone Training Pte Ltd
Death Meditation - An Evening of De-attachment and Letting-go,https://www.eventbrite.sg/e/death-meditation-an-evening-of-de-attachment-and-letting-go-tickets-812069129627?aff=ebdssbdestsearch,"Singapore, ",paid,health,,Today • 7:00 PM + 8 more,From $101.73,SPACE2B
Revive & Thrive: Yoga for Rejuvenation and Energy Boost,https://www.eventbrite.sg/e/revive-thrive-yoga-for-rejuvenation-and-energy-boost-tickets-1333612624259?aff=ebdssbdestsearch,"Singapore, ",paid,health,Sales end soon,Tuesday • 9:30 AM + 5 more,From $19.00,East West Yoga
Lunar Resonance: Therapeutic Fullmoon Sound Healing (Online),https://www.eventbrite.sg/e/lunar-resonance-therapeutic-fullmoon-sound-healing-online-tickets-1129982069789?aff=ebdssbdestsearch,"Singapore, Singapore",paid,health,,"Wed, Jun 11 •  7:30 PM  + 6 more",From $54.00,The Sirius Sound
Japanese Focused Hatha Intensive with Ken Harakuma in Singapore,https://www.eventbrite.sg/e/japanese-focused-hatha-intensive-with-ken-harakuma-in-singapore-tickets-1336460281679?aff=ebdssbdestsearch,"Singapore, ",paid,health,Sales end soon,"Wed, Jun 11 •  7:00 PM",From $61.87,52A Pagoda St
"TURBO DATING #07 | Bracelets, Beats, & Connections",https://www.eventbrite.sg/e/turbo-dating-07-bracelets-beats-connections-tickets-1305756876969?aff=ebdssbdestsearch,"Singapore, Singapore",paid,business,Sales end soon,Tuesday • 7:00 PM,From $8.45,BK HAN
Candy Mountain Sounds Tibetan Singing Bowl Sound Healing,https://www.eventbrite.sg/e/candy-mountain-sounds-tibetan-singing-bowl-sound-healing-tickets-1339535991209?aff=ebdssbdestsearch,"Singapore, ",paid,health,,"23 Kampong Bahru Rd, #04 03",From $58.73,Candy Mountain Crystals
Content creator made easy: 101 for starters,https://www.eventbrite.sg/e/content-creator-made-easy-101-for-starters-tickets-1354471704329?aff=ebdssbdestsearch,"Singapore, ",paid,film-and-media,,"Sat, Jun 14 •  1:00 PM  + 2 more",From $158.27,SOMETHING STRANGE FESTIVAL (SSF)
PORTALS : Miniature Doors Between Worlds,https://www.eventbrite.sg/e/portals-miniature-doors-between-worlds-tickets-1353884006509?aff=ebdssbdestsearch,"Singapore, ",paid,arts,,"Sat, Jun 14 •  10:00 AM  + 2 more",From $105.88,SOMETHING STRANGE FESTIVAL (SSF)
Sound Healing and Affirmations: A Journey to Inner Calm,https://www.eventbrite.sg/e/sound-healing-and-affirmations-a-journey-to-inner-calm-tickets-1290783019759?aff=ebdssbdestsearch,"Singapore, ",paid,,,"Mon, Jun 9 •  7:00 PM",From $60.83,Co.
Human Design for Parenting,https://www.eventbrite.sg/e/human-design-for-parenting-tickets-1330593594259?aff=ebdssbdestsearch,"Singapore, ",paid,family-and-education,Sales end soon,Tomorrow • 2:00 PM,From $127.00,Let Me Be
Pastors' Wives & Women in Ministry Conference 2025,https://www.eventbrite.sg/e/pastors-wives-women-in-ministry-conference-2025-tickets-1329538027029?aff=ebdssbdestsearch,"Singapore, ",paid,spirituality,,"Thu, Jul 17 •  9:00 AM",From $18.75,Project Timothy
Lunar Resonance: Therapeutic Fullmoon Sound Healing,https://www.eventbrite.sg/e/lunar-resonance-therapeutic-fullmoon-sound-healing-tickets-1129973995639?aff=ebdssbdestsearch,"Singapore, Singapore",paid,health,,"Wed, Jun 11 •  7:30 PM  + 6 more",From $69.00,The Sirius Sound
Golf Network,https://www.eventbrite.sg/e/golf-network-tickets-1264618972389?aff=ebdssbdestsearch,"Singapore, ",paid,sports-and-fitness,,"Fri, Jun 20 •  6:00 PM  + 1 more",From $40.91,Entrepreneur Circle Pte Ltd
PCR02: Loan Management and Risk Monitoring Seminar Training Program,https://www.eventbrite.sg/e/pcr02-loan-management-and-risk-monitoring-seminar-training-program-tickets-857853201017?aff=ebdssbdestsearch,"Singapore, ",paid,business,,"Wed, Jun 11 •  9:00 AM","From $1,596.53",PI ETA Consulting Company
Certified Chief Sustainability Officer - Self Study,https://www.eventbrite.sg/e/certified-chief-sustainability-officer-self-study-tickets-1255584610369?aff=ebdssbdestsearch,"Singapore, ",paid,business,Sales end soon,Tomorrow • 10:00 AM,"From $1,048.90",Shaw Centre
PTM01: Treasury Management Seminar Training Program,https://www.eventbrite.sg/e/ptm01-treasury-management-seminar-training-program-tickets-1048569578837?aff=ebdssbdestsearch,"Singapore, ",paid,business,,"Thu, Jun 12 •  9:00 AM","From $3,191.97",PI ETA Consulting Company
BNI Matrix In-Person Meeting,https://www.eventbrite.sg/e/bni-matrix-in-person-meeting-tickets-1108472855149?aff=ebdssbdestsearch,"Singapore, ",paid,business,Sales end soon,Wednesday • 8:00 AM + 30 more,From $53.00,BNI Matrix
PAC01: Accounting Fundamentals Seminar Training Program,https://www.eventbrite.sg/e/pac01-accounting-fundamentals-seminar-training-program-tickets-1075498257239?aff=ebdssbdestsearch,"Singapore, ",paid,business,,"Tue, Jun 10 •  9:00 AM","From $1,596.53",PI ETA Consulting Company
La Luna & Healing Waters: Gongs + Ocean Drum + Chimes,https://www.eventbrite.sg/e/la-luna-healing-waters-gongs-ocean-drum-chimes-tickets-1082754500859?aff=ebdssbdestsearch,"Singapore, ",paid,health,,"Thu, Jun 12 •  8:00 PM  + 6 more",From $56.24,SPACE2B
